100,100,100,100,100,100,100,100,100,100,100,100,100,100,100,100,100,100,100,100,100,100,100,100,100,100,100,100,100,100,100,100,100,100,100,100,100,100,100,100,100,100,100,100,100,100,100,100,100,100,100,
25,62.4672,77.2582,84.197,87.9807,90.2997,91.8478,92.9469,93.7631,94.3898,94.8832,95.2794,95.6023,95.8683,96.0892,96.2736,96.4279,96.5569,96.6641,96.7525,96.8242,96.8809,96.9238,96.9538,96.9716,96.9775,96.9716,96.9538,96.9238,96.8809,96.8242,96.7525,96.6641,96.5569,96.4279,96.2736,96.0892,95.8683,95.6023,95.2794,94.8832,94.3898,93.7631,92.9469,91.8478,90.2997,87.9807,84.197,77.2582,62.4672,25,
25,47.6104,62.3686,71.549,77.426,81.3703,84.1446,86.1768,87.7157,88.9127,89.8638,90.6323,91.2614,91.7817,92.215,92.5774,92.8812,93.1354,93.3471,93.5217,93.6635,93.7756,93.8605,93.9199,93.9551,93.9668,93.9551,93.9199,93.8605,93.7756,93.6635,93.5217,93.3471,93.1354,92.8812,92.5774,92.215,91.7817,91.2614,90.6323,89.8638,88.9127,87.7157,86.1768,84.1446,81.3703,77.426,71.549,62.3686,47.6104,25,
25,40.606,53.0569,62.2044,68.804,73.6109,77.1836,79.8999,82.0103,83.6816,85.0269,86.1244,87.0294,87.782,88.4115,88.9399,89.384,89.7564,90.0671,90.3238,90.5324,90.6975,90.8226,90.9103,90.9622,90.9794,90.9622,90.9103,90.8226,90.6975,90.5324,90.3238,90.0671,89.7564,89.384,88.9399,88.4115,87.782,87.0294,86.1244,85.0269,83.6816,82.0103,79.8999,77.1836,73.6109,68.804,62.2044,53.0569,40.606,25,
25,36.7566,47.0485,55.4078,61.9746,67.0859,71.0789,74.229,76.744,78.7765,80.4378,81.8089,82.9499,83.9054,84.7092,85.3869,85.9584,86.4391,86.8412,87.174,87.4448,87.6594,87.8222,87.9363,88.004,88.0264,88.004,87.9363,87.8222,87.6594,87.4448,87.174,86.8412,86.4391,85.9584,85.3869,84.7092,83.9054,82.9499,81.8089,80.4378,78.7765,76.744,74.229,71.0789,67.0859,61.9746,55.4078,47.0485,36.7566,25,
25,34.3718,42.9728,50.4038,56.6005,61.6791,65.8173,69.193,71.96,74.2427,76.1388,77.7237,79.0559,80.1806,81.1328,81.9399,82.6235,83.2006,83.6845,84.086,84.4134,84.6732,84.8705,85.0089,85.091,85.1182,85.091,85.0089,84.8705,84.6732,84.4134,84.086,83.6845,83.2006,82.6235,81.9399,81.1328,80.1806,79.0559,77.7237,76.1388,74.2427,71.96,69.193,65.8173,61.6791,56.6005,50.4038,42.9728,34.3718,25,
25,32.758,40.067,46.634,52.3447,57.2126,61.3181,64.7658,67.6605,70.0957,72.1508,73.8911,75.3695,76.6283,77.7015,78.6166,79.3953,80.0552,80.6104,81.0722,81.4496,81.7496,81.9776,82.1378,82.2328,82.2643,82.2328,82.1378,81.9776,81.7496,81.4496,81.0722,80.6104,80.0552,79.3953,78.6166,77.7015,76.6283,75.3695,73.8911,72.1508,70.0957,67.6605,64.7658,61.3181,57.2126,52.3447,46.634,40.067,32.758,25,
25,31.5931,37.9033,43.7204,48.9319,53.5085,57.4766,60.8917,63.8203,66.3287,68.4777,70.3206,71.9026,73.2614,74.4285,75.4296,76.2858,77.0144,77.6296,78.1428,78.5631,78.8978,79.1527,79.3319,79.4382,79.4735,79.4382,79.3319,79.1527,78.8978,78.5631,78.1428,77.6296,77.0144,76.2858,75.4296,74.4285,73.2614,71.9026,70.3206,68.4777,66.3287,63.8203,60.8917,57.4766,53.5085,48.9319,43.7204,37.9033,31.5931,25,
25,30.711,36.2327,41.4126,46.1538,50.4129,54.1881,57.5042,60.4003,62.921,65.1107,67.011,68.6587,70.0864,71.3215,72.3874,73.3038,74.0871,74.7509,75.3062,75.7621,76.126,76.4035,76.5987,76.7147,76.7532,76.7147,76.5987,76.4035,76.126,75.7621,75.3062,74.7509,74.0871,73.3038,72.3874,71.3215,70.0864,68.6587,67.011,65.1107,62.921,60.4003,57.5042,54.1881,50.4129,46.1538,41.4126,36.2327,30.711,25,
25,30.0184,34.9037,39.5435,43.8577,47.8012,51.3587,54.5366,57.3558,59.8443,62.0332,63.9538,65.6351,67.1039,68.3836,69.4947,70.455,71.2794,71.9805,72.5689,73.0533,73.4406,73.7364,73.9448,74.0687,74.1098,74.0687,73.9448,73.7364,73.4406,73.0533,72.5689,71.9805,71.2794,70.455,69.4947,68.3836,67.1039,65.6351,63.9538,62.0332,59.8443,57.3558,54.5366,51.3587,47.8012,43.8577,39.5435,34.9037,30.0184,25,
25,29.4587,33.8204,37.9999,41.9324,45.5756,48.9087,51.9279,54.6419,57.067,59.2242,61.1357,62.8241,64.3104,65.6142,66.753,67.7421,68.5949,69.3229,69.9357,70.4415,70.8468,71.1568,71.3754,71.5055,71.5487,71.5055,71.3754,71.1568,70.8468,70.4415,69.9357,69.3229,68.5949,67.7421,66.753,65.6142,64.3104,62.8241,61.1357,59.2242,57.067,54.6419,51.9279,48.9087,45.5756,41.9324,37.9999,33.8204,29.4587,25,
25,28.9961,32.9191,36.7035,40.2964,43.6602,46.7726,49.6245,52.2168,54.5579,56.6607,58.5409,60.215,61.6995,63.0099,64.1609,65.1655,66.0353,66.7804,67.4096,67.9302,68.3482,68.6684,68.8946,69.0292,69.074,69.0292,68.8946,68.6684,68.3482,67.9302,67.4096,66.7804,66.0353,65.1655,64.1609,63.0099,61.6995,60.215,58.5409,56.6607,54.5579,52.2168,49.6245,46.7726,43.6602,40.2964,36.7035,32.9191,28.9961,25,
25,28.6065,32.1565,35.5986,38.8893,41.9961,44.8972,47.5806,50.0429,52.2869,54.3199,56.1523,57.7957,59.2625,60.5651,61.7152,62.7236,63.6003,64.3539,64.9922,65.5215,65.9474,66.2742,66.5052,66.6429,66.6887,66.6429,66.5052,66.2742,65.9474,65.5215,64.9922,64.3539,63.6003,62.7236,61.7152,60.5651,59.2625,57.7957,56.1523,54.3199,52.2869,50.0429,47.5806,44.8972,41.9961,38.8893,35.5986,32.1565,28.6065,25,
25,28.2733,31.502,34.6449,37.6662,40.5378,43.2393,45.7578,48.0873,50.2268,52.1799,53.9525,55.5528,56.9898,58.2728,59.4111,60.4136,61.2883,62.0428,62.6836,63.2162,63.6456,63.9756,64.2092,64.3485,64.3948,64.3485,64.2092,63.9756,63.6456,63.2162,62.6836,62.0428,61.2883,60.4136,59.4111,58.2728,56.9898,55.5528,53.9525,52.1799,50.2268,48.0873,45.7578,43.2393,40.5378,37.6662,34.6449,31.502,28.2733,25,
25,27.9846,30.9334,33.8127,36.5929,39.2497,41.7644,44.1242,46.3215,48.3533,50.2201,51.9251,53.4733,54.8711,56.1252,57.243,58.2312,59.0967,59.8454,60.483,61.0143,61.4433,61.7735,62.0075,62.1472,62.1936,62.1472,62.0075,61.7735,61.4433,61.0143,60.483,59.8454,59.0967,58.2312,57.243,56.1252,54.8711,53.4733,51.9251,50.2201,48.3533,46.3215,44.1242,41.7644,39.2497,36.5929,33.8127,30.9334,27.9846,25,
25,27.7317,30.4342,33.0796,35.6431,38.1036,40.4443,42.653,44.7213,46.6449,48.4223,50.0545,51.5443,52.8959,54.1141,55.2042,56.1717,57.0217,57.7592,58.3888,58.9145,59.3398,59.6676,59.9002,60.039,60.0852,60.039,59.9002,59.6676,59.3398,58.9145,58.3888,57.7592,57.0217,56.1717,55.2042,54.1141,52.8959,51.5443,50.0545,48.4223,46.6449,44.7213,42.653,40.4443,38.1036,35.6431,33.0796,30.4342,27.7317,25,
25,27.5081,29.992,32.4284,34.7963,37.0773,39.2564,41.3221,43.2659,45.0826,46.7696,48.3261,49.7535,51.0541,52.2311,53.2882,54.2295,55.0591,55.7809,56.3985,56.9152,57.3339,57.657,57.8864,58.0236,58.0692,58.0236,57.8864,57.657,57.3339,56.9152,56.3985,55.7809,55.0591,54.2295,53.2882,52.2311,51.0541,49.7535,48.3261,46.7696,45.0826,43.2659,41.3221,39.2564,37.0773,34.7963,32.4284,29.992,27.5081,25,
25,27.3089,29.5973,31.8458,34.0363,36.1528,38.182,40.1129,41.9376,43.6502,45.2472,46.727,48.0896,49.3359,50.4678,51.488,52.3992,53.2044,53.9068,54.509,55.0138,55.4235,55.7401,55.9651,56.0996,56.1443,56.0996,55.9651,55.7401,55.4235,55.0138,54.509,53.9068,53.2044,52.3992,51.488,50.4678,49.3359,48.0896,46.727,45.2472,43.6502,41.9376,40.1129,38.182,36.1528,34.0363,31.8458,29.5973,27.3089,25,
25,27.1299,29.2426,31.3212,33.3502,35.3157,37.2057,39.0102,40.7213,42.3332,43.842,45.2452,46.5419,47.732,48.8164,49.7967,50.6748,51.4527,52.1327,52.717,53.2076,53.6063,53.9147,54.1341,54.2654,54.3091,54.2654,54.1341,53.9147,53.6063,53.2076,52.717,52.1327,51.4527,50.6748,49.7967,48.8164,47.732,46.5419,45.2452,43.842,42.3332,40.7213,39.0102,37.2057,35.3157,33.3502,31.3212,29.2426,27.1299,25,
25,26.9684,28.9219,30.8461,32.7277,34.5542,36.3149,38.0007,39.6042,41.1195,42.5424,43.87,45.1007,46.2337,47.2691,48.2077,49.0505,49.7988,50.4544,51.0187,51.4932,51.8794,52.1784,52.3913,52.5187,52.5612,52.5187,52.3913,52.1784,51.8794,51.4932,51.0187,50.4544,49.7988,49.0505,48.2077,47.2691,46.2337,45.1007,43.87,42.5424,41.1195,39.6042,38.0007,36.3149,34.5542,32.7277,30.8461,28.9219,26.9684,25,
25,26.8216,28.6304,30.4139,32.1601,33.8584,35.4991,37.0737,38.5752,39.9982,41.3381,42.5918,43.7572,44.833,45.8188,46.7144,47.5205,48.2378,48.8673,49.4101,49.8672,50.2396,50.5283,50.7339,50.8571,50.8981,50.8571,50.7339,50.5283,50.2396,49.8672,49.4101,48.8673,48.2378,47.5205,46.7144,45.8188,44.833,43.7572,42.5918,41.3381,39.9982,38.5752,37.0737,35.4991,33.8584,32.1601,30.4139,28.6304,26.8216,25,
25,26.6878,28.3643,30.0187,31.6406,33.2203,34.7492,36.2196,37.625,38.9599,40.2199,41.4019,42.5033,43.5225,44.4584,45.3107,46.0794,46.7646,47.367,47.8872,48.3258,48.6836,48.9612,49.159,49.2776,49.3171,49.2776,49.159,48.9612,48.6836,48.3258,47.8872,47.367,46.7646,46.0794,45.3107,44.4584,43.5225,42.5033,41.4019,40.2199,38.9599,37.625,36.2196,34.7492,33.2203,31.6406,30.0187,28.3643,26.6878,25,
25,26.5651,28.1203,29.6561,31.1632,32.6331,34.0579,35.4306,36.7451,37.9963,39.1799,40.2926,41.3316,42.2951,43.1817,43.9907,44.7216,45.3743,45.949,46.4459,46.8653,47.2079,47.4738,47.6634,47.7771,47.815,47.7771,47.6634,47.4738,47.2079,46.8653,46.4459,45.949,45.3743,44.7216,43.9907,43.1817,42.2951,41.3316,40.2926,39.1799,37.9963,36.7451,35.4306,34.0579,32.6331,31.1632,29.6561,28.1203,26.5651,25,
25,26.4523,27.8958,29.3221,30.7231,32.091,33.4186,34.6997,35.9286,37.1004,38.2109,39.2568,40.2354,41.1446,41.9827,42.7488,43.442,44.062,44.6087,45.0819,45.4818,45.8087,46.0626,46.2438,46.3525,46.3887,46.3525,46.2438,46.0626,45.8087,45.4818,45.0819,44.6087,44.062,43.442,42.7488,41.9827,41.1446,40.2354,39.2568,38.2109,37.1004,35.9286,34.6997,33.4186,32.091,30.7231,29.3221,27.8958,26.4523,25,
25,26.3481,27.6885,29.0136,30.3161,31.589,32.826,34.0211,35.1692,36.2657,37.3065,38.2885,39.2087,40.0651,40.8558,41.5796,42.2356,42.8231,43.3417,43.7912,44.1714,44.4824,44.7242,44.8968,45.0003,45.0349,45.0003,44.8968,44.7242,44.4824,44.1714,43.7912,43.3417,42.8231,42.2356,41.5796,40.8558,40.0651,39.2087,38.2885,37.3065,36.2657,35.1692,34.0211,32.826,31.589,30.3161,29.0136,27.6885,26.3481,25,
25,26.2517,27.4965,28.7276,29.9385,31.123,32.2751,33.3895,34.4615,35.4866,36.4611,37.3817,38.2458,39.0511,39.7958,40.4784,41.0978,41.6532,42.144,42.5698,42.9303,43.2253,43.4549,43.6188,43.7172,43.75,43.7172,43.6188,43.4549,43.2253,42.9303,42.5698,42.144,41.6532,41.0978,40.4784,39.7958,39.0511,38.2458,37.3817,36.4611,35.4866,34.4615,33.3895,32.2751,31.123,29.9385,28.7276,27.4965,26.2517,25,
25,26.1622,27.3182,28.4619,29.5875,30.6893,31.7619,32.8005,33.8006,34.7581,35.6695,36.5316,37.3418,38.0979,38.7979,39.4403,40.0239,40.5478,41.0112,41.4136,41.7545,42.0338,42.2511,42.4064,42.4997,42.5307,42.4997,42.4064,42.2511,42.0338,41.7545,41.4136,41.0112,40.5478,40.0239,39.4403,38.7979,38.0979,37.3418,36.5316,35.6695,34.7581,33.8006,32.8005,31.7619,30.6893,29.5875,28.4619,27.3182,26.1622,25,
25,26.0789,27.1521,28.2144,29.2603,30.2847,31.2827,32.25,33.1822,34.0757,34.9271,35.7334,36.4919,37.2006,37.8575,38.461,39.0098,39.5029,39.9395,40.3188,40.6405,40.9041,41.1094,41.2562,41.3443,41.3736,41.3443,41.2562,41.1094,40.9041,40.6405,40.3188,39.9395,39.5029,39.0098,38.461,37.8575,37.2006,36.4919,35.7334,34.9271,34.0757,33.1822,32.25,31.2827,30.2847,29.2603,28.2144,27.1521,26.0789,25,
25,26.0011,26.9971,27.9832,28.9545,29.9064,30.8344,31.7344,32.6026,33.4355,34.2298,34.9828,35.692,36.3552,36.9705,37.5363,38.0514,38.5145,38.9249,39.2818,39.5846,39.8328,40.0262,40.1645,40.2476,40.2753,40.2476,40.1645,40.0262,39.8328,39.5846,39.2818,38.9249,38.5145,38.0514,37.5363,36.9705,36.3552,35.692,34.9828,34.2298,33.4355,32.6026,31.7344,30.8344,29.9064,28.9545,27.9832,26.9971,26.0011,25,
25,25.9283,26.8521,27.7669,28.6682,29.552,30.4141,31.2507,32.0583,32.8337,33.5739,34.2761,34.9381,35.5576,36.133,36.6625,37.1449,37.579,37.9639,38.2988,38.5831,38.8164,38.9981,39.1282,39.2062,39.2323,39.2062,39.1282,38.9981,38.8164,38.5831,38.2988,37.9639,37.579,37.1449,36.6625,36.133,35.5576,34.9381,34.2761,33.5739,32.8337,32.0583,31.2507,30.4141,29.552,28.6682,27.7669,26.8521,25.9283,25,
25,25.8601,26.7161,27.5639,28.3996,29.2192,30.0192,30.796,31.5463,32.2672,32.9558,33.6097,34.2265,34.8043,35.3412,35.8358,36.2866,36.6926,37.0528,37.3664,37.6328,37.8514,38.0218,38.1437,38.217,38.2414,38.217,38.1437,38.0218,37.8514,37.6328,37.3664,37.0528,36.6926,36.2866,35.8358,35.3412,34.8043,34.2265,33.6097,32.9558,32.2672,31.5463,30.796,30.0192,29.2192,28.3996,27.5639,26.7161,25.8601,25,
25,25.796,26.5882,27.3731,28.1469,28.9061,29.6475,30.3677,31.0638,31.7329,32.3726,32.9803,33.554,34.0918,34.5919,35.0528,35.4732,35.8521,36.1884,36.4813,36.7302,36.9346,37.0939,37.208,37.2765,37.2993,37.2765,37.208,37.0939,36.9346,36.7302,36.4813,36.1884,35.8521,35.4732,35.0528,34.5919,34.0918,33.554,32.9803,32.3726,31.7329,31.0638,30.3677,29.6475,28.9061,28.1469,27.3731,26.5882,25.796,25,
25,25.7356,26.4678,27.1933,27.9088,28.611,29.2969,29.9635,30.6082,31.2282,31.8212,32.385,32.9175,33.4169,33.8817,34.3103,34.7014,35.0541,35.3673,35.6402,35.8722,36.0628,36.2114,36.3178,36.3817,36.403,36.3817,36.3178,36.2114,36.0628,35.8722,35.6402,35.3673,35.0541,34.7014,34.3103,33.8817,33.4169,32.9175,32.385,31.8212,31.2282,30.6082,29.9635,29.2969,28.611,27.9088,27.1933,26.4678,25.7356,25,
25,25.6786,26.3542,27.0236,27.6839,28.3321,28.9655,29.5814,30.1772,30.7505,31.2991,31.8209,32.314,32.7768,33.2076,33.6052,33.9681,34.2956,34.5865,34.8401,35.0557,35.2328,35.3711,35.47,35.5295,35.5493,35.5295,35.47,35.3711,35.2328,35.0557,34.8401,34.5865,34.2956,33.9681,33.6052,33.2076,32.7768,32.314,31.8209,31.2991,30.7505,30.1772,29.5814,28.9655,28.3321,27.6839,27.0236,26.3542,25.6786,25,
25,25.6247,26.2466,26.8629,27.471,28.0681,28.6517,29.2194,29.7687,30.2975,30.8037,31.2855,31.741,32.1686,32.5669,32.9346,33.2705,33.5735,33.8429,34.0778,34.2777,34.4419,34.57,34.6617,34.7169,34.7353,34.7169,34.6617,34.57,34.4419,34.2777,34.0778,33.8429,33.5735,33.2705,32.9346,32.5669,32.1686,31.741,31.2855,30.8037,30.2975,29.7687,29.2194,28.6517,28.0681,27.471,26.8629,26.2466,25.6247,25,
25,25.5736,26.1446,26.7106,27.2691,27.8176,28.3539,28.8756,29.3807,29.8671,30.3329,30.7763,31.1958,31.5897,31.9568,32.2958,32.6056,32.8852,33.1338,33.3507,33.5353,33.6869,33.8053,33.8901,33.9411,33.9581,33.9411,33.8901,33.8053,33.6869,33.5353,33.3507,33.1338,32.8852,32.6056,32.2958,31.9568,31.5897,31.1958,30.7763,30.3329,29.8671,29.3807,28.8756,28.3539,27.8176,27.2691,26.7106,26.1446,25.5736,25,
25,25.525,26.0477,26.5658,27.0771,27.5794,28.0705,28.5485,29.0114,29.4573,29.8844,30.2912,30.6761,31.0377,31.3748,31.6862,31.9708,32.2279,32.4565,32.656,32.8257,32.9653,33.0742,33.1523,33.1992,33.2148,33.1992,33.1523,33.0742,32.9653,32.8257,32.656,32.4565,32.2279,31.9708,31.6862,31.3748,31.0377,30.6761,30.2912,29.8844,29.4573,29.0114,28.5485,28.0705,27.5794,27.0771,26.5658,26.0477,25.525,25,
25,25.4787,25.9553,26.4278,26.8941,27.3523,27.8004,28.2366,28.6591,29.0662,29.4563,29.8279,30.1796,30.5102,30.8184,31.1033,31.3637,31.599,31.8083,31.9909,32.1464,32.2743,32.3741,32.4456,32.4886,32.5029,32.4886,32.4456,32.3741,32.2743,32.1464,31.9909,31.8083,31.599,31.3637,31.1033,30.8184,30.5102,30.1796,29.8279,29.4563,29.0662,28.6591,28.2366,27.8004,27.3523,26.8941,26.4278,25.9553,25.4787,25,
25,25.4345,25.867,26.2959,26.7193,27.1353,27.5422,27.9384,28.3222,28.6921,29.0466,29.3845,29.7043,30.005,30.2855,30.5447,30.7819,30.9961,31.1867,31.3531,31.4948,31.6113,31.7022,31.7674,31.8066,31.8196,31.8066,31.7674,31.7022,31.6113,31.4948,31.3531,31.1867,30.9961,30.7819,30.5447,30.2855,30.005,29.7043,29.3845,29.0466,28.6921,28.3222,27.9384,27.5422,27.1353,26.7193,26.2959,25.867,25.4345,25,
25,25.3921,25.7825,26.1696,26.5517,26.9273,27.2947,27.6525,27.9991,28.3333,28.6537,28.9591,29.2482,29.5201,29.7738,30.0083,30.2229,30.4168,30.5893,30.74,30.8683,30.9738,31.0562,31.1152,31.1507,31.1625,31.1507,31.1152,31.0562,30.9738,30.8683,30.74,30.5893,30.4168,30.2229,30.0083,29.7738,29.5201,29.2482,28.9591,28.6537,28.3333,27.9991,27.6525,27.2947,26.9273,26.5517,26.1696,25.7825,25.3921,25,
25,25.3514,25.7013,26.0483,26.3908,26.7275,27.0569,27.3777,27.6886,27.9884,28.2758,28.5498,28.8094,29.0535,29.2812,29.4919,29.6846,29.8588,30.0138,30.1492,30.2646,30.3594,30.4335,30.4866,30.5185,30.5291,30.5185,30.4866,30.4335,30.3594,30.2646,30.1492,30.0138,29.8588,29.6846,29.4919,29.2812,29.0535,28.8094,28.5498,28.2758,27.9884,27.6886,27.3777,27.0569,26.7275,26.3908,26.0483,25.7013,25.3514,25,
25,25.3122,25.6231,25.9314,26.2357,26.5349,26.8277,27.1128,27.3892,27.6557,27.9114,28.1551,28.3859,28.6031,28.8058,28.9933,29.1649,29.3199,29.458,29.5786,29.6813,29.7658,29.8318,29.8791,29.9075,29.917,29.9075,29.8791,29.8318,29.7658,29.6813,29.5786,29.458,29.3199,29.1649,28.9933,28.8058,28.6031,28.3859,28.1551,27.9114,27.6557,27.3892,27.1128,26.8277,26.5349,26.2357,25.9314,25.6231,25.3122,25,
25,25.2743,25.5475,25.8184,26.0858,26.3488,26.6061,26.8567,27.0997,27.334,27.5588,27.7731,27.9762,28.1673,28.3456,28.5106,28.6616,28.7981,28.9197,29.0258,29.1163,29.1907,29.2488,29.2905,29.3155,29.3239,29.3155,29.2905,29.2488,29.1907,29.1163,29.0258,28.9197,28.7981,28.6616,28.5106,28.3456,28.1673,27.9762,27.7731,27.5588,27.334,27.0997,26.8567,26.6061,26.3488,26.0858,25.8184,25.5475,25.2743,25,
25,25.2376,25.4742,25.7088,25.9405,26.1682,26.3911,26.6083,26.8188,27.0219,27.2167,27.4025,27.5785,27.7442,27.8988,28.0419,28.1728,28.2912,28.3967,28.4888,28.5673,28.6318,28.6823,28.7184,28.7402,28.7474,28.7402,28.7184,28.6823,28.6318,28.5673,28.4888,28.3967,28.2912,28.1728,28.0419,27.8988,27.7442,27.5785,27.4025,27.2167,27.0219,26.8188,26.6083,26.3911,26.1682,25.9405,25.7088,25.4742,25.2376,25,
25,25.2018,25.4028,25.6022,25.799,25.9925,26.1819,26.3665,26.5454,26.718,26.8836,27.0415,27.1912,27.332,27.4635,27.5852,27.6966,27.7974,27.8871,27.9654,28.0322,28.0871,28.1301,28.1608,28.1793,28.1855,28.1793,28.1608,28.1301,28.0871,28.0322,27.9654,27.8871,27.7974,27.6966,27.5852,27.4635,27.332,27.1912,27.0415,26.8836,26.718,26.5454,26.3665,26.1819,25.9925,25.799,25.6022,25.4028,25.2018,25,
25,25.1669,25.3332,25.4981,25.6609,25.8209,25.9776,26.1303,26.2783,26.4211,26.5581,26.6888,26.8127,26.9293,27.0381,27.1388,27.2311,27.3145,27.3888,27.4537,27.509,27.5545,27.59,27.6155,27.6308,27.6359,27.6308,27.6155,27.59,27.5545,27.509,27.4537,27.3888,27.3145,27.2311,27.1388,27.0381,26.9293,26.8127,26.6888,26.5581,26.4211,26.2783,26.1303,25.9776,25.8209,25.6609,25.4981,25.3332,25.1669,25,
25,25.1327,25.2649,25.396,25.5254,25.6527,25.7773,25.8987,26.0164,26.13,26.239,26.343,26.4415,26.5342,26.6208,26.701,26.7744,26.8407,26.8998,26.9515,26.9955,27.0317,27.06,27.0803,27.0925,27.0965,27.0925,27.0803,27.06,27.0317,26.9955,26.9515,26.8998,26.8407,26.7744,26.701,26.6208,26.5342,26.4415,26.343,26.239,26.13,26.0164,25.8987,25.7773,25.6527,25.5254,25.396,25.2649,25.1327,25,
25,25.0991,25.1977,25.2956,25.3922,25.4872,25.5802,25.6708,25.7587,25.8435,25.9249,26.0025,26.0761,26.1453,26.21,26.2699,26.3247,26.3742,26.4184,26.457,26.4898,26.5169,26.538,26.5532,26.5623,26.5653,26.5623,26.5532,26.538,26.5169,26.4898,26.457,26.4184,26.3742,26.3247,26.2699,26.21,26.1453,26.0761,26.0025,25.9249,25.8435,25.7587,25.6708,25.5802,25.4872,25.3922,25.2956,25.1977,25.0991,25,
25,25.0658,25.1314,25.1964,25.2606,25.3237,25.3855,25.4457,25.5041,25.5605,25.6145,25.6661,25.715,25.761,25.804,25.8438,25.8802,25.9132,25.9425,25.9682,25.99,26.008,26.022,26.0321,26.0382,26.0402,26.0382,26.0321,26.022,26.008,25.99,25.9682,25.9425,25.9132,25.8802,25.8438,25.804,25.761,25.715,25.6661,25.6145,25.5605,25.5041,25.4457,25.3855,25.3237,25.2606,25.1964,25.1314,25.0658,25,
25,25.0328,25.0656,25.098,25.13,25.1615,25.1924,25.2224,25.2515,25.2797,25.3066,25.3324,25.3568,25.3798,25.4012,25.4211,25.4392,25.4557,25.4703,25.4831,25.494,25.503,25.51,25.5151,25.5181,25.5191,25.5181,25.5151,25.51,25.503,25.494,25.4831,25.4703,25.4557,25.4392,25.4211,25.4012,25.3798,25.3568,25.3324,25.3066,25.2797,25.2515,25.2224,25.1924,25.1615,25.13,25.098,25.0656,25.0328,25,
25,25,25,25,25,25,25,25,25,25,25,25,25,25,25,25,25,25,25,25,25,25,25,25,25,25,25,25,25,25,25,25,25,25,25,25,25,25,25,25,25,25,25,25,25,25,25,25,25,25,25,
